hd,jcd,rno
20260213,4,10
20260213,4,12
20260213,4,8
20260213,6,4
20260213,7,5
20260213,7,6
20260213,7,7
20260213,7,9
20260214,1,6
20260214,21,2
20260214,21,4
20260214,21,5
20260214,4,8
20260214,6,11
20260214,7,1
20260214,7,10
20260214,7,12
20260214,7,9
20260214,8,1
20260214,8,10
20260214,8,7
20260215,16,10
20260215,16,11
20260215,16,4
20260215,16,5
20260215,1,10
20260215,1,5
20260215,1,6
20260215,1,7
20260215,1,8
20260215,1,9
20260215,21,5
20260215,4,1
20260215,4,10
20260215,4,11
20260215,4,5
20260215,4,6
20260215,6,11
20260215,6,3
20260215,7,3
20260215,7,7
20260215,8,6
20260216,16,11
20260216,1,6
20260216,1,7
20260216,21,1
20260216,21,2
20260216,21,5
20260216,21,9
20260216,4,12
20260216,4,5
20260216,4,9
20260216,7,1
20260216,7,4
20260216,7,5
20260216,7,9
20260216,8,1
20260216,8,7
20260217,16,11
20260217,16,5
20260217,1,1
20260217,1,10
20260217,1,11
20260217,1,12
20260217,1,7
20260217,1,8
20260217,4,1
20260217,4,4
20260217,4,8
20260217,8,7
20260218,16,10
20260218,16,11
20260218,16,5
20260218,1,10
20260218,1,11
20260218,1,7
20260218,1,8
20260218,22,1
20260218,22,6
20260218,8,1
20260218,8,2
20260218,8,7
20260218,8,9
20260219,16,5
20260219,22,1
20260219,22,6
20260219,22,7
20260219,22,8
20260219,24,5
20260219,24,6
20260219,3,2
20260219,3,6
20260219,6,4
20260219,6,8
20260220,16,4
20260220,16,5
20260220,16,6
20260220,16,7
20260220,22,1
20260220,22,7
20260220,24,2
20260220,24,6
20260220,24,7
20260220,24,9
20260220,6,7
20260220,6,8
20260220,6,9
20260221,21,11
20260221,21,2
20260221,21,5
20260221,22,1
20260221,22,2
20260221,22,3
20260221,22,5
20260221,22,6
20260221,22,8
20260221,24,2
20260221,24,6
20260221,3,9
20260221,4,1
20260221,4,5
20260221,4,8
20260221,6,1
20260221,6,7
20260221,6,8
20260221,6,9
20260221,7,1
20260221,7,5
20260221,7,7
20260221,7,8
20260222,12,9
20260222,21,11
20260222,21,3
20260222,21,4
20260222,22,7
20260222,24,2
20260222,24,7
20260222,4,11
20260222,4,7
20260222,4,8
20260222,6,7
20260222,6,8
20260222,6,9
20260222,7,10
20260222,7,3
20260222,7,5
20260222,7,6
20260222,7,7
20260222,7,8
20260222,7,9
20260223,12,10
20260223,16,5
20260223,21,2
20260223,21,4
20260223,21,9
20260223,22,1
20260223,22,6
20260223,22,7
20260223,24,8
20260223,4,8
20260223,5,1
20260223,5,10
20260223,5,11
20260223,5,7
20260223,5,8
20260223,6,1
20260223,6,10
20260223,6,8
20260223,7,1
20260223,7,4
20260223,7,5
20260223,7,6
20260223,7,7
20260223,7,9
20260224,12,9
20260224,16,5
20260224,1,7
20260224,21,1
20260224,21,2
20260224,21,4
20260224,4,10
20260224,4,12
20260224,4,5
20260224,4,6
20260224,4,8
20260224,5,11
20260224,5,8
20260224,6,4
20260224,6,8
20260224,6,9
20260224,7,4
20260224,7,6
20260225,12,10
20260225,12,11
20260225,16,12
20260225,16,6
20260225,16,8
20260225,1,2
20260225,1,7
20260225,1,8
20260225,21,11
20260225,21,2
20260225,21,4
20260225,21,5
20260225,2,3
20260225,2,5
20260225,5,10
20260225,5,4
20260225,5,6
20260225,5,7
20260225,5,8
20260226,12,10
20260226,12,4
20260226,12,8
20260226,16,9
20260226,1,1
20260226,1,10
20260226,1,6
20260226,1,7
20260226,1,9
20260226,21,2
20260226,21,4
20260226,21,7
20260226,24,1
20260226,24,2
20260226,24,6
20260226,24,8
20260226,2,1
20260226,2,5
20260226,2,8
20260226,2,9
20260226,4,9
20260226,8,10
20260226,8,2
20260226,8,6
20260227,12,1
20260227,12,12
20260227,12,8
20260227,16,4
20260227,1,6
20260227,1,7
20260227,24,10
20260227,24,12
20260227,24,6
20260227,5,11
20260227,5,8
20260227,8,6
20260228,12,1
20260228,12,2
20260228,1,1
20260228,1,5
20260228,1,7
20260228,22,8
20260228,24,11
20260228,24,12
20260228,24,8
20260228,24,9
20260228,2,9
20260228,3,7
20260228,7,7
20260301,1,4
20260301,1,7
20260301,22,1
20260301,22,11
20260301,22,7
20260301,24,1
20260301,24,11
20260301,24,12
20260301,24,2
20260301,24,4
20260301,24,6
20260301,3,1
20260301,6,1
20260301,6,10
20260301,6,5
20260301,7,7
20260301,8,12
20260301,8,5
20260302,16,1
20260302,21,1
20260302,21,2
20260302,21,3
20260302,21,5
20260302,21,9
20260302,22,1
20260302,22,12
20260302,22,5
20260302,22,7
20260302,22,9
20260302,3,11
20260302,3,12
20260302,3,7
20260302,3,8
20260302,6,10
20260302,6,9
20260302,8,1
20260302,8,10
20260302,8,3
20260302,8,6
20260302,8,8
20260302,8,9
20260303,21,4
20260303,22,12
20260303,24,1
20260303,24,3
20260303,3,10
20260303,4,12
20260303,4,8
20260303,6,8
20260303,7,7
20260304,21,1
20260304,21,2
20260304,21,3
20260304,22,11
20260304,22,12
20260304,6,10
20260305,12,7
20260305,21,12
20260305,21,8
20260305,22,1
20260305,22,2
20260305,22,5
20260305,22,7
20260305,22,8
20260305,4,8
20260305,6,7
20260305,7,1
20260305,7,3
20260305,7,7
20260306,16,3
20260306,1,7
20260306,1,8
20260306,21,1
20260306,21,8
20260306,4,4
20260306,4,7
20260306,6,7
20260306,7,11
20260306,7,12
20260306,7,4
20260307,12,8
20260307,1,2
20260307,2,5
20260307,2,9
20260307,3,6
20260307,3,9
20260308,2,1
20260308,2,11
20260308,2,5
20260308,2,7
20260308,3,7
20260308,8,10
20260308,8,6
20260309,12,11
20260309,12,8
20260309,12,9
20260309,1,10
20260309,1,11
20260309,1,12
20260309,1,6
20260309,1,7
20260309,1,8
20260309,2,12
20260309,3,8
20260309,3,9
20260309,4,8
20260310,1,6
20260310,1,7
20260310,22,8
20260310,2,11
20260310,2,5
20260310,2,7
20260310,2,8
20260310,2,9
20260310,3,10
20260310,4,10
20260310,4,5
20260310,4,8
20260310,4,9
20260310,8,1
20260311,1,10
20260311,1,7
20260311,22,1
20260311,22,12
20260311,4,11
20260311,4,5
20260311,4,8
20260312,16,1
20260312,16,10
20260312,16,5
20260312,16,6
20260312,1,1
20260312,1,7
20260312,21,2
20260312,21,5
20260312,22,2
20260312,24,3
20260312,2,4
20260312,2,5
20260312,2,7
20260312,4,10
20260312,4,4
20260312,4,5
20260312,4,8
20260312,4,9
20260312,5,2
20260312,6,8
20260312,7,8
20260312,7,9
20260312,8,9
20260313,16,1
20260313,16,5
20260313,21,2
20260313,4,1
20260313,4,8
20260313,4,9
20260313,5,11
20260313,6,1
20260313,6,12
20260313,6,8
20260313,7,7
20260313,7,9
20260313,8,6
20260313,8,7
20260314,16,1
20260314,16,11
20260314,21,5
20260314,22,11
20260314,22,4
20260314,4,3
20260314,4,8
20260314,5,1
20260314,5,11
20260314,5,3
20260314,5,7
20260314,5,8
20260314,6,8
20260314,6,9
20260314,7,7
20260314,7,9
20260315,16,12
20260315,21,1
20260315,21,3
20260315,21,4
20260315,21,5
20260315,3,8
20260315,5,12
20260315,5,9
20260315,7,11
20260315,7,12
20260315,7,6
20260315,7,7
20260315,7,8
20260315,7,9
20260316,16,1
20260316,16,6
20260316,1,1
20260316,1,10
20260316,1,11
20260316,1,2
20260316,1,7
20260316,21,1
20260316,21,2
20260316,21,5
20260316,21,9
20260316,3,4
20260316,3,5
20260316,5,6
20260316,6,10
20260316,6,3
20260316,6,5
20260316,6,7
20260316,7,4
20260316,7,7
20260317,1,11
20260317,1,2
20260317,1,6
20260317,1,7
20260317,1,8
20260317,21,11
20260317,21,3
20260317,3,3
20260317,3,4
20260317,3,6
20260317,6,5
20260317,6,8
20260317,7,5
20260317,7,7
20260317,7,8
20260318,1,1
20260318,1,10
20260318,1,12
20260318,1,6
20260318,1,7
20260318,24,4
20260318,24,6
20260318,24,7
20260318,3,6
20260318,3,8
20260318,4,4
20260318,4,8
20260318,8,1
20260319,16,5
20260319,1,1
20260319,1,10
20260319,1,5
20260319,1,6
20260319,1,7
20260319,24,3
20260319,24,5
20260319,24,7
20260319,2,1
20260319,2,5
20260319,3,10
20260319,3,5
20260319,4,5
20260319,4,9
20260319,8,1
20260319,8,10
20260319,8,6
20260320,16,11
20260320,16,4
20260320,16,6
20260320,16,8
20260320,1,1
20260320,1,11
20260320,1,12
20260320,1,6
20260320,1,7
20260320,1,8
20260320,24,6
20260320,24,9
20260320,2,10
20260320,2,5
20260320,3,10
20260320,3,7
20260320,3,9
20260320,4,12
20260320,4,5
20260320,4,7
20260320,4,8
20260320,4,9
20260320,5,11
20260320,5,4
20260320,8,12
20260321,16,11
20260321,16,7
20260321,16,8
20260321,1,2
20260321,1,7
20260321,1,9
20260321,24,5
20260321,24,7
20260321,2,1
20260321,2,11
20260321,2,5
20260321,4,3
20260321,4,8
20260321,5,7
20260321,5,9
20260321,8,4
20260321,8,6
20260322,16,1
20260322,16,10
20260322,16,5
20260322,16,8
20260322,16,9
20260322,22,1
20260322,22,8
20260322,24,1
20260322,24,6
20260322,24,7
20260322,2,10
20260322,5,2
20260322,5,7
20260322,5,8
20260322,8,1
20260322,8,10
20260323,12,10
20260323,12,3
20260323,12,8
20260323,16,12
20260323,22,1
20260323,22,10
20260323,2,7
20260323,5,1
20260323,5,7
20260323,5,8
20260323,8,1
20260323,8,10
20260324,12,7
20260324,16,10
20260324,16,11
20260324,22,1
20260324,2,5
20260324,2,7
20260324,2,8
20260324,5,6
20260324,5,8
20260324,5,9
20260325,12,9
20260325,22,1
20260325,22,10
20260325,4,1
20260325,4,5
20260325,4,8
20260325,5,1
20260325,5,7
20260325,5,8
20260325,7,9
20260326,22,1
20260326,22,11
20260326,22,3
20260326,22,8
20260326,4,10
20260326,4,12
20260326,4,2
20260326,4,8
20260327,12,6
20260327,12,7
20260327,12,9
20260327,16,5
20260327,16,6
20260327,22,10
20260327,22,5
20260327,4,3
20260327,4,4
20260327,4,5
20260327,4,8
20260327,4,9
20260328,16,11
20260328,16,2
20260328,16,6
20260328,16,7
20260328,16,9
20260328,24,7
20260328,24,8
20260328,24,9
20260328,2,5
20260328,4,11
20260328,4,6
20260328,4,8
20260328,5,7
20260328,7,7
20260328,8,6
20260329,16,1
20260329,16,6
20260329,16,7
20260329,16,8
20260329,21,11
20260329,24,1
20260329,24,3
20260329,24,6
20260329,24,9
20260329,2,5
20260329,2,6
20260329,2,8
20260329,2,9
20260329,4,2
20260329,5,11
20260329,5,12
20260329,5,9
20260329,6,10
20260329,6,3
20260329,6,4
20260330,16,1
20260330,16,12
20260330,16,5
20260330,16,7
20260330,21,1
20260330,21,11
20260330,24,10
20260330,24,4
20260330,24,7
20260330,24,8
20260330,2,1
20260330,4,10
20260330,4,11
20260330,4,5
20260330,4,7
20260330,4,8
20260330,5,6
20260330,5,7
20260330,6,4
20260330,6,5
20260330,6,6
20260330,8,12
20260331,16,1
20260331,16,4
20260331,16,5
20260331,16,6
20260331,16,7
20260331,16,9
20260331,21,9
20260331,24,1
20260331,24,11
20260331,24,12
20260331,24,2
20260331,24,7
20260331,2,1
20260331,2,4
20260331,2,5
20260331,2,6
20260331,2,8
20260331,5,1
20260331,6,9
20260331,8,1
20260331,8,4
20260401,1,8
20260401,22,3
20260401,22,6
20260401,22,8
20260401,22,9
20260401,24,1
20260401,24,3
20260401,24,5
20260401,24,6
20260401,24,7
20260401,24,8
20260401,2,11
20260401,2,4
20260401,6,10
20260401,6,3
20260401,6,6
20260401,6,9
20260401,8,4
20260401,8,7
20260401,8,8
20260401,8,9
20260402,22,10
20260402,22,2
20260402,22,3
20260402,22,8
20260402,24,6
20260402,24,7
20260402,24,9
20260402,2,5
20260402,6,12
20260402,6,8
20260403,1,10
20260403,1,6
20260403,22,1
20260403,22,3
20260403,22,9
20260403,4,8
20260403,6,2
20260403,8,11
20260404,16,1
20260404,1,7
20260404,21,4
20260404,21,5
20260404,21,7
20260404,21,9
20260404,22,11
20260404,22,12
20260404,4,8
20260404,4,9
20260405,16,1
20260405,16,10
20260405,1,6
20260405,1,7
20260405,21,2
20260405,21,8
20260405,21,9
20260405,22,1
20260405,22,10
20260405,22,3
20260405,22,5
20260405,22,6
20260405,22,7
20260405,2,5
20260405,4,8
20260405,7,3
20260405,7,7
20260405,7,8
20260406,16,11
20260406,16,12
20260406,16,6
20260406,1,8
20260406,21,10
20260406,21,2
20260406,21,3
20260406,21,7
20260406,22,1
20260406,22,12
20260406,22,3
20260406,22,4
20260406,22,6
20260406,22,7
20260406,2,1
20260406,2,12
20260406,2,7
20260406,4,10
20260406,4,11
20260406,4,5
20260406,7,10
20260406,7,4
20260406,7,7
20260406,7,8
20260406,8,6
20260407,16,4
20260407,16,8
20260407,21,11
20260407,21,12
20260407,21,8
20260407,24,3
20260407,24,7
20260407,24,8
20260407,2,10
20260407,4,1
20260407,8,12
20260408,24,6
20260408,24,8
20260408,24,9
20260408,2,10
20260408,2,11
20260408,2,6
20260408,4,6
20260408,4,8
20260408,7,10
20260408,7,11
20260408,8,6
20260408,8,9
20260409,16,1
20260409,16,8
20260409,24,1
20260409,24,7
20260409,2,10
20260409,2,7
20260409,2,9
20260409,6,1
20260409,6,10
20260409,6,3
20260409,6,4
20260409,6,7
20260409,7,6
20260409,7,9
20260409,8,7
20260409,8,9
20260410,24,12
20260410,24,3
20260410,24,8
20260410,2,1
20260410,2,5
20260410,6,10
20260410,6,2
20260410,6,8
20260410,6,9
20260410,7,5
20260410,7,9
20260411,22,1
20260411,24,2
20260411,24,7
20260411,4,5
20260411,4,8
20260411,6,10
20260411,6,6
20260411,6,7
20260411,6,8
20260411,6,9
20260411,7,11
20260411,7,2
20260411,7,7
20260411,7,9
20260412,16,4
20260412,16,5
20260412,1,4
20260412,24,12
20260412,24,5
20260412,24,7
20260412,4,11
20260412,6,1
20260412,6,7
20260412,6,8
20260412,6,9
20260413,24,3
20260413,24,5
20260413,24,6
20260413,3,1
20260413,3,10
20260413,3,8
20260413,6,5
20260413,6,6
20260413,6,8
20260413,6,9
20260414,16,1
20260414,22,1
20260414,22,2
20260414,3,7
20260414,4,10
20260414,6,1
20260414,6,4
20260414,6,5
20260414,6,7
20260414,6,8
20260415,16,6
20260415,16,9
20260415,1,11
20260415,1,4
20260415,2,11
20260415,2,5
20260415,3,1
20260415,3,12
20260415,3,2
20260415,3,7
20260415,3,8
20260416,12,4
20260416,16,7
20260416,1,12
20260416,21,2
20260416,21,4
20260416,22,4
20260416,2,10
20260416,3,11
20260416,3,2
20260416,3,4
20260416,3,9
20260416,8,1
20260417,12,2
20260417,12,6
20260417,16,1
20260417,16,7
20260417,16,8
20260417,1,7
20260417,21,3
20260417,2,12
20260417,2,5
20260417,2,9
20260417,3,1
20260417,3,3
20260417,3,5
20260417,3,7
20260417,3,8
20260417,8,10
20260418,21,1
20260418,21,3
20260418,24,10
20260418,24,4
20260418,24,8
20260418,2,12
20260418,3,1
20260418,3,5
20260418,3,9
20260418,5,7
20260418,7,10
20260418,7,2
20260418,7,7
20260418,8,5
20260419,21,10
20260419,21,5
20260419,21,8
20260419,21,9
20260419,24,3
20260419,24,6
20260419,5,9
20260419,6,4
20260419,6,6
20260419,6,8
20260419,7,3
20260419,7,6
20260419,7,7
20260419,7,8
20260419,8,8
20260420,12,8
20260420,22,7
20260420,22,8
20260420,24,11
20260420,24,12
20260420,24,4
20260420,24,6
20260420,24,8
20260420,24,9
20260420,5,5
20260420,5,7
20260420,6,4
20260420,6,8
20260420,7,7
20260420,7,9
20260420,8,1
20260420,8,10
20260421,1,9
20260421,21,2
20260421,21,5
20260421,22,1
20260421,22,11
20260421,22,2
20260421,22,3
20260421,22,7
20260421,24,7
20260421,24,8
20260421,5,12
20260421,5,5
20260421,5,6
20260421,5,7
20260421,6,1
20260421,6,12
20260421,7,11
20260421,7,8
20260421,8,10
20260421,8,8
20260422,1,11
20260422,1,6
20260422,1,7
20260422,22,1
20260422,22,3
20260422,22,8
20260422,24,1
20260422,24,7
20260423,12,9
20260423,1,1
20260423,1,12
20260423,1,6
20260423,1,7
20260423,22,10
20260423,22,11
20260423,22,12
20260423,22,7
20260423,22,9
20260423,24,2
20260423,24,3
20260423,24,5
20260423,5,3
20260423,5,5
20260424,12,1
20260424,12,10
20260424,12,4
20260424,12,8
20260424,16,11
20260424,1,1
20260424,1,12
20260424,1,7
20260424,22,11
20260424,22,3
20260424,22,5
20260424,22,6
20260424,22,9
20260424,4,11
20260424,4,8
20260424,7,1
20260424,7,7
20260424,8,1
20260424,8,6
20260425,16,12
20260425,16,5
20260425,1,2
20260425,1,5
20260425,1,7
20260425,21,1
20260425,21,11
20260425,22,10
20260425,22,11
20260425,22,12
20260425,22,7
20260425,22,8
20260425,4,10
20260425,4,5
20260425,4,6
20260425,4,8
20260425,6,8
20260425,7,7
20260425,7,8
20260425,7,9
20260425,8,1
20260425,8,11
20260425,8,5
20260425,8,6
20260426,12,11
20260426,16,12
20260426,16,6
20260426,16,7
20260426,16,9
20260426,21,1
20260426,21,2
20260426,21,7
20260426,24,7
20260426,24,8
20260426,3,5
20260426,3,9
20260426,4,10
20260426,4,12
20260426,4,3
20260426,4,8
20260426,6,10
20260426,6,4
20260426,6,8
20260426,7,6
20260426,8,1
20260426,8,10
20260426,8,4
20260426,8,5
20260427,12,7
20260427,16,10
20260427,16,11
20260427,16,12
20260427,21,10
20260427,24,10
20260427,24,9
20260427,3,12
20260427,3,8
20260427,4,10
20260427,4,12
20260427,4,2
20260427,4,5
20260427,4,7
20260427,4,8
20260427,6,8
20260427,7,7
20260427,8,1
20260427,8,11
20260428,12,11
20260428,12,12
20260428,12,2
20260428,16,1
20260428,16,7
20260428,21,10
20260428,21,2
20260428,21,4
20260428,24,4
20260428,24,7
20260428,5,8
20260428,6,10
20260428,6,8
20260428,7,6
20260428,8,10
20260428,8,3
20260429,21,1
20260429,21,2
20260429,21,3
20260429,21,5
20260429,24,10
20260429,24,4
20260429,24,7
20260429,3,1
20260429,3,10
20260429,4,1
20260429,4,4
20260429,4,5
20260429,4,6
20260429,4,7
20260429,5,8
20260429,8,1
20260429,8,11
20260429,8,6
20260430,21,1
20260430,22,1
20260430,22,8
20260430,24,6
20260430,24,7
20260430,3,10
20260430,3,4
20260430,3,9
20260430,5,1
20260430,5,5
20260430,5,6
20260430,5,7
20260430,5,8
20260430,6,10
20260430,6,4
20260501,1,7
20260501,1,8
20260501,22,1
20260501,22,7
20260501,24,12
20260501,24,6
20260501,2,9
20260501,5,10
20260501,5,4
20260501,5,9
20260502,1,11
20260502,1,6
20260502,22,5
20260502,2,1
20260502,2,5
20260502,2,9
20260502,5,7
20260502,7,5
20260502,7,7
20260502,7,8
20260503,12,8
20260503,16,8
20260503,16,9
20260503,1,11
20260503,1,12
20260503,1,7
20260503,2,10
20260503,2,5
20260503,2,9
20260503,4,10
20260503,4,2
20260503,4,8
20260503,6,10
20260503,6,3
20260503,6,8
20260503,7,11
20260503,8,10
20260503,8,11
20260504,12,11
20260504,12,6
20260504,12,8
20260504,16,7
20260504,1,3
20260504,2,12
20260504,2,5
20260504,2,7
20260504,4,3
20260504,4,8
20260504,6,8
20260504,7,10
20260504,7,5
20260504,8,5
20260505,16,11
20260505,16,7
20260505,1,3
20260505,1,7
20260505,2,2
20260505,2,3
20260505,2,4
20260505,2,5
20260505,2,6
20260505,2,7
20260505,2,9
20260505,4,7
20260505,4,8
20260505,7,10
20260505,7,11
20260505,7,3
20260505,7,6
20260505,7,7
20260505,8,6
20260506,1,11
20260506,1,7
20260506,2,3
20260506,2,4
20260506,2,7
20260506,4,1
20260506,4,11
20260506,4,12
20260506,5,10
20260506,5,5
20260506,5,8
20260506,6,8
20260506,7,4
20260506,7,5
20260506,7,6
20260506,8,1
20260506,8,11
20260506,8,5
20260506,8,7
20260507,16,8
20260507,21,2
20260507,21,5
20260507,24,8
20260507,24,9
20260507,4,9
20260507,5,1
20260507,5,8
20260507,8,2
20260507,8,3
20260507,8,5
20260507,8,6
20260507,8,7
20260508,12,2
20260508,12,7
20260508,21,3
20260508,21,9
20260508,24,11
20260508,24,12
20260508,24,3
20260508,24,6
20260508,24,7
20260508,4,10
20260508,4,11
20260508,4,8
20260508,5,11
20260508,6,6
20260508,6,8
20260508,8,5
20260509,22,1
20260509,22,8
20260509,22,9
20260509,24,1
20260509,24,10
20260509,24,5
20260509,24,7
20260509,5,11
20260509,5,12
20260509,5,5
20260509,5,6
20260509,5,7
20260509,5,8
20260509,5,9
20260510,16,1
20260510,16,5
20260510,21,1
20260510,21,12
20260510,21,4
20260510,22,7
20260510,22,8
20260510,22,9
20260510,24,12
20260510,5,12
20260510,5,9
20260511,12,3
20260511,16,4
20260511,16,7
20260511,22,10
20260511,22,11
20260511,22,3
20260511,22,6
20260511,22,8
20260511,24,6
20260511,24,9
20260511,5,4
20260511,5,8
20260511,8,1
20260511,8,11
20260511,8,2
20260511,8,6
20260512,12,1
20260512,12,2
20260512,12,4
20260512,12,6
20260512,12,7
20260512,16,11
20260512,16,12
20260512,16,6
20260512,1,11
20260512,22,11
20260512,22,2
20260512,22,9
20260512,4,1
20260512,4,7
20260512,7,10
20260512,7,5
20260512,7,7
20260512,7,9
20260512,8,11
20260512,8,6
20260513,12,10
20260513,12,9
20260513,16,1
20260513,16,5
20260513,16,9
20260513,1,11
20260513,1,7
20260513,22,3
20260513,22,6
20260513,22,7
20260513,3,8
20260513,4,12
20260513,4,8
20260513,7,1
20260513,7,6
20260513,7,7
20260513,7,9
20260513,8,7
20260514,12,1
20260514,16,1
20260514,16,9
20260514,1,6
20260514,1,7
20260514,1,9
20260514,2,5
20260514,2,9
20260514,4,12
20260514,4,5
20260514,4,8
20260514,7,11
20260514,7,5
20260514,7,7
20260514,8,1
20260514,8,5
20260514,8,6
20260515,16,1
20260515,16,7
20260515,1,11
20260515,2,1
20260515,2,11
20260515,2,7
20260515,2,9
20260515,4,10
20260515,7,7
20260515,7,9
20260515,8,1
20260516,1,7
20260516,1,8
20260516,2,5
20260516,4,1
20260516,6,8
20260516,6,9
20260516,7,12
20260516,7,3
20260516,7,5
20260516,7,6
20260516,7,7
20260517,21,6
20260517,21,7
20260517,2,10
20260517,2,9
20260517,6,10
20260517,6,6
20260517,6,8
20260517,6,9
20260517,7,2
20260517,7,4
20260517,7,7
20260517,7,9
20260518,21,2
20260518,2,11
20260518,2,6
20260518,2,9
20260518,6,10
20260519,16,4
20260519,16,8
20260519,1,7
20260519,2,5
20260519,2,9
20260519,6,4
20260519,6,8
20260519,8,1
20260519,8,6
20260519,8,9
20260520,16,2
20260520,16,3
20260520,16,6
20260520,16,7
20260520,16,9
20260520,1,12
20260520,1,5
20260520,1,6
20260520,1,7
20260520,5,12
20260520,5,6
20260520,5,8
20260521,16,9
20260521,1,7
20260521,5,6
20260521,8,1
20260521,8,7
20260522,16,1
20260522,16,2
20260522,16,5
20260522,16,7
20260522,16,9
20260522,5,9
20260522,8,1
20260522,8,11
20260522,8,4
20260523,12,3
20260523,12,4
20260523,12,7
20260523,16,1
20260523,16,6
20260523,16,7
20260523,8,1
20260523,8,11
20260523,8,4
20260523,8,6
20260523,8,9
20260524,12,11
20260524,12,12
20260524,12,8
20260524,1,7
20260524,21,3
20260524,24,7
20260524,24,8
20260524,5,4
20260525,12,5
20260525,12,8
20260525,21,11
20260525,24,1
20260525,24,2
20260525,24,7
20260525,24,8
20260525,24,9
20260525,3,7
20260525,3,9
20260525,5,8
20260525,7,4
20260525,7,7
20260525,7,8
20260525,7,9
20260526,21,1
20260526,21,9
20260526,24,7
20260526,3,1
20260526,3,5
20260526,3,7
20260526,7,6
20260526,7,7
20260526,7,9
20260527,12,4
20260527,24,12
20260527,24,7
20260527,3,3
20260527,6,10
20260527,6,2
20260527,6,6
20260527,6,8
20260527,7,7
20260527,8,6
20260528,1,6
20260528,24,11
20260528,24,4
20260528,24,6
20260528,2,10
20260528,2,11
20260528,2,4
20260528,2,6
20260528,2,7
20260528,2,9
20260528,3,5
20260528,3,6
20260528,3,9
20260528,7,10
20260528,7,5
20260528,7,7
20260528,7,9
20260528,8,5
20260528,8,6
20260529,24,10
20260529,24,2
20260529,2,10
20260529,2,11
20260529,3,1
20260529,3,2
20260529,6,1
20260529,8,11
20260529,8,12
20260530,1,10
20260530,1,7
20260530,1,9
20260530,2,10
20260530,2,12
20260530,3,1
20260530,3,7
20260530,5,8
20260530,5,9
20260530,6,12
20260530,7,7
20260530,7,8
20260530,8,1
20260530,8,10
20260531,12,11
20260531,12,9
20260531,1,7
20260531,1,8
20260531,1,9
20260531,2,11
20260531,2,3
20260531,3,8
20260531,5,8
20260531,6,10
20260531,6,3
20260531,6,9
20260531,7,2
20260531,7,5
20260531,7,7
20260531,7,8
20260531,7,9
20260531,8,1
20260531,8,7
20260601,12,4
20260601,12,7
20260601,12,9
20260601,1,10
20260601,1,12
20260601,1,7
20260601,24,6
20260601,24,7
20260601,5,12
20260601,5,3
20260601,5,8
20260601,5,9
20260601,8,6
20260601,8,9
20260602,1,2
20260602,1,4
20260602,5,10
20260602,5,11
20260602,5,7
20260602,5,8
20260603,12,5
20260603,21,3
20260603,21,9
20260603,5,6
20260604,21,1
20260604,21,5
20260604,21,6
20260604,21,7
20260604,24,7
20260604,24,8
20260604,3,1
20260604,3,7
20260604,5,1
20260604,5,3
20260604,5,9
20260604,7,1
20260604,7,11
20260604,7,5
20260604,7,6
20260604,7,7
20260604,8,1
20260604,8,5
20260604,8,6
20260605,1,6
20260605,1,7
20260605,21,12
20260605,21,3
20260605,21,4
20260605,3,1
20260605,3,12
20260605,3,3
20260605,3,6
20260605,7,5
20260605,7,6
20260605,7,7
20260605,8,1
20260605,8,11
20260605,8,5
20260605,8,6
20260605,8,8
20260605,8,9
20260606,1,7
20260606,21,2
20260606,21,7
20260606,24,4
20260606,24,6
20260606,24,7
20260606,24,8
20260606,6,1
20260606,6,10
20260606,6,7
20260606,6,8
20260606,8,1
20260606,8,11
20260606,8,8
20260607,1,1
20260607,1,11
20260607,1,12
20260607,1,6
20260607,1,7
20260607,1,8
20260607,1,9
20260607,21,5
20260607,24,6
20260607,24,7
20260607,3,4
20260607,3,9
20260607,5,1
20260607,5,3
20260607,5,7
20260607,6,10
20260607,6,4
20260607,6,8
20260607,7,5
20260607,7,6
20260607,7,7
20260607,7,8
20260607,7,9
20260608,1,10
20260608,1,8
20260608,21,1
20260608,21,5
20260608,21,7
20260608,21,8
20260608,24,12
20260608,24,7
20260608,24,9
20260608,5,10
20260608,5,11
20260608,5,8
20260608,6,11
20260608,6,8
20260608,6,9
20260608,8,10
20260608,8,11
20260608,8,6
20260608,8,8
20260609,1,12
20260609,1,6
20260609,1,7
20260609,1,8
20260609,24,11
20260609,24,2
20260609,24,3
20260609,24,5
20260609,5,1
20260609,5,12
20260609,5,4
20260609,6,11
20260609,6,6
20260609,6,7
20260609,6,8
20260609,7,7
20260610,1,2
20260610,1,5
20260610,1,6
20260610,1,7
20260610,1,8
20260610,24,2
20260610,24,6
20260610,24,7
20260610,5,4
20260610,5,7
20260610,6,4
20260610,6,7
20260610,7,10
20260610,7,6
20260611,16,7
20260611,16,9
20260611,5,4
20260611,5,7
20260611,7,7
20260611,7,9
20260612,16,9
20260612,22,5
20260612,22,8
20260612,3,6
20260612,3,9
20260612,7,2
20260613,16,10
20260613,16,4
20260613,22,1
20260613,22,7
20260613,3,3
20260613,3,7
20260613,6,1
20260613,6,4
20260613,6,6
20260613,6,8
20260613,7,1
20260613,7,6
20260613,7,7
20260614,12,10
20260614,12,3
20260614,12,8
20260614,16,9
20260614,1,11
20260614,1,7
20260614,22,1
20260614,22,8
20260614,3,10
20260614,3,12
20260614,3,3
20260614,3,4
20260614,3,8
20260614,3,9
20260614,6,1
20260614,6,10
20260614,6,4
20260614,8,9
20260615,12,1
20260615,12,10
20260615,12,8
20260615,12,9
20260615,16,1
20260615,21,3
20260615,21,4
20260615,22,8
20260615,22,9
20260615,3,3
20260615,3,8
20260615,6,7
20260615,6,8
20260616,12,8
20260616,16,2
20260616,16,8
20260616,1,4
20260616,1,7
20260616,21,1
20260616,21,5
20260616,22,5
20260616,22,7
20260616,6,10
20260616,6,5
20260616,6,7
20260616,6,8
20260616,6,9
20260617,12,7
20260617,21,9
20260617,22,5
20260617,22,6
20260617,22,7
20260617,5,10
20260617,7,6
20260617,7,7
20260617,7,9
20260618,1,1
20260618,1,12
20260618,1,6
20260618,1,7
20260618,1,9
20260618,21,9
20260618,2,10
20260618,2,5
20260618,4,10
20260618,4,8
20260618,5,1
20260618,5,7
20260618,7,12
20260618,7,7
20260618,8,2
20260619,21,11
20260619,21,12
20260619,21,9
20260619,2,10
20260619,2,12
20260619,2,5
20260619,2,7
20260619,4,10
20260619,4,3
20260619,4,8
20260619,4,9
20260619,5,10
20260619,5,8
20260619,7,1
20260619,7,10
20260619,7,11
20260619,7,7
20260620,21,1
20260620,21,12
20260620,2,11
20260620,2,5
20260620,2,6
20260620,2,7
20260620,4,12
20260620,4,8
20260620,5,12
20260620,5,9
20260620,6,8
20260620,7,1
20260620,7,4
20260621,16,5
20260621,16,7
20260621,24,7
20260621,2,10
20260621,2,11
20260621,2,2
20260621,2,5
20260621,2,7
20260621,2,8
20260621,4,3
20260621,5,1
20260621,5,11
20260621,5,9
20260621,6,4
20260621,6,8
20260621,8,6
20260622,16,2
20260622,16,4
20260622,16,9
20260622,22,7
20260622,22,8
20260622,2,11
20260622,2,8
20260622,6,12
20260622,6,4
20260622,8,1
20260622,8,5
20260622,8,7
20260623,16,9
20260623,22,1
20260623,2,10
20260623,2,2
20260623,2,4
20260623,2,7
20260623,2,8
20260623,6,1
20260623,6,4
20260623,6,8
20260623,6,9
20260623,7,4
20260623,7,5
20260623,7,9
20260623,8,10
20260623,8,11
20260623,8,6
20260624,12,10
20260624,12,2
20260624,12,3
20260624,12,8
20260624,12,9
20260624,16,1
20260624,16,12
20260624,16,2
20260624,16,8
20260624,22,1
20260624,22,6
20260624,22,9
20260624,3,5
20260624,3,7
20260624,4,8
20260624,7,11
20260624,7,4
20260624,7,7
20260624,8,1
20260624,8,11
20260624,8,4
20260624,8,6
20260624,8,9
20260625,12,10
20260625,12,3
20260625,12,6
20260625,12,7
20260625,16,12
20260625,16,2
20260625,16,4
20260625,16,8
20260625,16,9
20260625,21,9
20260625,22,3
20260625,22,7
20260625,3,6
20260625,4,2
20260625,4,6
20260625,4,8
20260625,6,8
20260625,6,9
20260625,7,11
20260625,7,6
20260625,7,7
20260625,8,10
20260625,8,12
20260625,8,2
20260625,8,6
20260626,12,1
20260626,12,10
20260626,12,2
20260626,12,3
20260626,12,6
20260626,12,9
20260626,16,1
20260626,16,2
20260626,16,7
20260626,22,2
20260626,22,4
20260626,22,7
20260626,22,9
20260626,24,1
20260626,24,3
20260626,3,1
20260626,4,4
20260626,4,6
20260626,4,8
20260626,7,7
20260626,7,8
20260626,7,9
20260627,12,12
20260627,12,7
20260627,12,8
20260627,12,9
20260627,1,11
20260627,21,11
20260627,22,1
20260627,22,10
20260627,22,4
20260627,22,6
20260627,22,7
20260627,22,8
20260627,24,10
20260627,24,12
20260627,24,7
20260627,2,11
20260627,2,5
20260627,2,6
20260627,3,7
20260627,7,1
20260627,7,10
20260627,7,11
20260627,7,4
20260628,12,10
20260628,12,11
20260628,12,4
20260628,12,6
20260628,24,7
20260628,24,8
20260628,2,10
20260628,2,5
20260628,2,7
20260628,2,8
20260628,2,9
20260628,3,8
20260628,4,1
20260628,4,12
20260628,4,6
20260628,4,8
20260628,5,10
20260628,5,7
20260628,5,8
20260628,7,10
20260628,7,5
20260628,7,6
20260628,7,7
20260628,7,9
20260629,12,1
20260629,12,11
20260629,12,8
20260629,21,10
20260629,21,5
20260629,21,9
20260629,24,11
20260629,24,4
20260629,24,5
20260629,24,6
20260629,2,10
20260629,2,8
20260629,3,12
20260629,5,7
20260629,5,9
20260629,8,10
20260629,8,5
20260630,24,7
20260630,24,8
20260630,2,4
20260630,2,7
20260630,2,8
20260630,2,9
20260630,5,10
20260630,5,12
20260630,5,3
20260630,5,6
20260630,5,8
20260630,6,5
20260630,6,6
20260630,8,1
20260701,22,7
20260701,24,5
20260701,24,7
20260701,2,5
20260701,2,7
20260701,5,1
20260701,5,12
20260701,5,5
20260701,5,9
20260701,6,10
20260701,6,3
20260701,7,5
20260701,7,6
20260701,7,7
20260701,7,8
20260701,7,9
20260701,8,6
20260701,8,8
20260702,16,11
20260702,16,5
20260702,21,2
20260702,21,4
20260702,21,5
20260702,21,9
20260702,22,10
20260702,22,7
20260702,22,8
20260702,24,7
20260702,4,1
20260702,4,2
20260702,5,1
20260702,5,5
20260702,5,9
20260702,6,2
20260702,6,5
20260702,6,9
20260702,7,5
20260702,7,8
20260702,7,9
20260702,8,7
20260702,8,8
20260703,12,1
20260703,16,11
20260703,21,2
20260703,21,4
20260703,21,5
20260703,21,7
20260703,22,1
20260703,22,8
20260703,4,10
20260703,4,12
20260703,4,2
20260703,4,7
20260703,4,8
20260703,6,12
20260703,7,10
20260703,7,5
20260703,7,8
20260703,8,10
20260703,8,12
20260703,8,5
20260703,8,8
20260703,8,9
20260704,1,10
20260704,1,11
20260704,1,8
20260704,21,1
20260704,21,10
20260704,21,11
20260704,21,4
20260704,21,5
20260704,21,6
20260704,21,8
20260704,22,1
20260704,22,11
20260704,22,12
20260704,22,7
20260704,22,8
20260704,4,11
20260704,4,7
20260704,4,8
20260704,4,9
20260704,6,11
20260704,6,3
20260704,6,4
20260704,7,10
20260704,7,12
20260704,7,8
20260704,8,11
20260704,8,3
20260704,8,7
20260705,12,1
20260705,12,10
20260705,12,2
20260705,1,10
20260705,1,11
20260705,1,6
20260705,1,7
20260705,21,11
20260705,21,12
20260705,21,2
20260705,21,9
20260705,22,1
20260705,22,3
20260705,22,4
20260705,22,5
20260705,24,10
20260705,24,9
20260705,4,12
20260705,4,6
20260705,4,8
20260705,4,9
20260705,5,7
20260705,5,9
20260705,6,3
20260705,7,2
20260705,7,5
20260705,7,7
20260705,7,8
20260706,12,1
20260706,12,3
20260706,1,11
20260706,1,6
20260706,1,8
20260706,21,11
20260706,21,2
20260706,21,3
20260706,21,4
20260706,21,5
20260706,21,8
20260706,22,1
20260706,22,5
20260706,22,6
20260706,22,8
20260706,24,1
20260706,24,10
20260706,24,2
20260706,24,7
20260706,4,1
20260706,4,10
20260706,4,8
20260706,5,10
20260706,5,3
20260706,5,7
20260706,5,8
20260706,7,3
20260706,7,5
20260706,7,7
20260706,7,9
20260707,12,4
20260707,1,6
20260707,1,8
20260707,4,5
20260707,8,6
20260708,12,1
20260708,12,6
20260708,12,9
20260708,1,1
20260708,1,7
20260708,24,5
20260708,24,7
20260708,2,5
20260708,5,1
20260708,5,4
20260708,8,10
20260708,8,11
20260708,8,9
20260709,16,2
20260709,1,7
20260709,1,8
20260709,24,2
20260709,24,4
20260709,2,4
20260709,2,5
20260709,5,10
20260709,5,4
20260709,8,11
20260709,8,7
20260710,16,1
20260710,16,11
20260710,16,2
20260710,16,8
20260710,16,9
20260710,6,8
20260710,8,5
20260710,8,6
20260711,16,2
20260711,22,7
20260711,2,1
20260711,3,2
20260711,3,3
20260711,3,7
20260711,3,8
20260711,4,10
20260711,4,7
20260711,4,8
20260711,6,8
20260711,8,10
20260711,8,9
20260712,16,1
20260712,16,10
20260712,16,3
20260712,16,7
20260712,22,10
20260712,22,5
20260712,3,12
20260712,3,3
20260712,4,3
20260712,4,8
20260712,4,9
20260712,8,1
20260712,8,6
20260713,16,4
20260713,16,6
20260713,22,8
20260713,3,1
20260713,3,10
20260713,3,6
20260713,4,5
20260713,4,8
20260713,5,10
20260713,5,12
20260713,6,6
20260713,6,9
20260714,1,7
20260714,21,6
20260714,22,1
20260714,22,12
20260714,22,7
20260714,24,5
20260714,3,5
20260714,3,6
20260714,3,8
20260714,5,10
20260714,5,11
20260714,5,4
20260714,5,6
20260714,5,7
20260714,6,11
20260714,6,12
20260714,6,9
20260715,12,5
20260715,1,6
20260715,1,7
20260715,21,5
20260715,22,1
20260715,22,3
20260715,22,7
20260715,22,8
20260715,24,10
20260715,24,4
20260715,24,5
20260715,24,7
20260715,24,9
20260715,3,1
20260715,3,4
20260715,3,7
20260715,5,7
20260715,6,2
20260715,6,3
20260715,6,4
20260715,6,6
20260715,6,7
20260715,8,1
20260715,8,10
20260715,8,9
20260716,12,1
20260716,12,12
20260716,12,9
20260716,1,10
20260716,1,6
20260716,1,7
20260716,21,1
20260716,21,2
20260716,21,4
20260716,24,11
20260716,24,4
20260716,24,5
20260716,3,1
20260716,3,6
20260716,5,9
20260716,8,3
20260717,12,10
20260717,12,5
20260717,12,8
20260717,1,7
20260717,21,1
20260717,21,3
20260717,21,5
20260717,21,7
20260717,24,1
20260717,24,12
20260717,2,5
20260717,8,10
20260717,8,12
20260717,8,9
20260718,12,4
20260718,12,8
20260718,16,11
20260718,1,7
20260718,21,1
20260718,21,2
20260718,2,11
20260718,2,3
20260718,2,5
20260718,2,6
20260718,2,7
20260718,8,7
20260719,12,10
20260719,12,11
20260719,12,3
20260719,12,5
20260719,12,6
20260719,12,9
20260719,1,7
20260719,2,11
20260719,2,12
20260719,4,10
20260719,4,11
20260719,4,7
20260719,4,8
20260719,5,5
20260719,5,7
20260719,8,1
20260719,8,11
20260720,12,1
20260720,12,4
20260720,12,8
20260720,16,11
20260720,2,3
20260720,2,5
20260720,4,10
20260720,4,11
20260720,4,8
20260720,5,8
20260720,5,9
20260721,12,1
20260721,12,2
20260721,12,6
20260721,16,11
20260721,16,12
20260721,4,11
20260721,4,9
20260721,5,11
20260721,5,12
20260721,5,6
20260721,5,9
20260722,16,12
20260722,16,7
20260722,24,5
20260722,24,8
20260722,5,1
20260722,5,10
20260722,5,8
20260722,8,10
20260722,8,3
20260722,8,7
20260723,1,7
20260723,21,2
20260723,21,3
20260723,24,1
20260723,24,10
20260723,24,9
20260723,3,7
20260723,5,3
20260723,8,1
20260723,8,6
20260724,12,7
20260724,1,11
20260724,1,12
20260724,1,7
20260724,1,8
20260724,21,2
20260724,21,9
20260724,24,12
20260724,24,8
20260724,2,1
20260724,2,11
20260724,2,5
20260724,3,11
20260724,6,8
20260724,6,9
20260724,8,7
20260725,12,4
20260725,12,9
20260725,1,1
20260725,1,3
20260725,1,6
20260725,1,7
20260725,21,1
20260725,21,2
20260725,24,1
20260725,24,3
20260725,24,7
20260725,24,8
20260725,2,12
20260725,2,5
20260725,2,7
20260725,2,9
20260725,4,1
20260725,4,2
20260725,4,8
20260725,6,4
20260725,6,9
20260725,8,12
20260725,8,5
20260726,1,4
20260726,1,6
20260726,2,3
20260726,2,5
20260726,2,7
20260726,3,7
20260726,4,2
20260726,4,6
20260726,4,7
20260726,4,8
20260726,6,3
20260726,6,8
20260726,6,9
20260726,8,9
20260727,12,12
20260727,1,7
20260727,21,1
20260727,21,10
20260727,21,11
20260727,21,2
20260727,21,7
20260727,2,11
20260727,2,5
20260727,2,6
20260727,3,10
20260727,3,3
20260727,3,7
20260727,4,10
20260727,4,11
20260727,4,12
20260727,4,5
20260727,6,6
20260727,6,7
20260728,16,10
20260728,16,5
20260728,16,7
20260728,21,1
20260728,21,11
20260728,21,4
20260728,24,10
20260728,24,6
20260728,24,7
20260728,24,9
20260728,4,10
20260728,4,11
20260728,4,12
20260728,4,8
20260728,4,9
20260729,16,9
20260729,22,6
20260729,22,7
20260729,22,8
20260729,24,5
20260729,24,7
20260729,4,10
20260729,4,12
20260729,4,2
20260730,16,6
20260730,16,7
20260730,22,6
20260730,24,12
20260730,24,7
20260730,4,11
20260730,4,6
20260730,8,1
20260730,8,5
20260730,8,8
20260730,8,9
20260731,16,1
20260731,16,10
20260731,16,9
20260731,1,10
20260731,1,7
20260731,1,9
20260731,22,1
20260731,22,10
20260731,22,3
20260731,22,8
20260731,24,7
20260731,6,11
20260731,6,8
20260731,8,1
20260731,8,10
20260731,8,9
20260801,16,11
20260801,16,3
20260801,16,9
20260801,1,10
20260801,1,11
20260801,1,3
20260801,1,7
20260801,1,8
20260801,22,9
20260801,5,7
20260801,5,8
20260801,6,8
20260801,8,1
20260801,8,10
20260801,8,9
20260802,16,5
20260802,16,6
20260802,1,11
20260802,21,1
20260802,22,1
20260802,22,10
20260802,22,11
20260802,22,3
20260802,22,7
20260802,5,11
20260802,5,7
20260802,6,1
20260802,6,12
20260802,6,8
20260802,8,10
20260802,8,4
20260802,8,8
20260803,21,10
20260803,21,11
20260803,21,2
20260803,21,9
20260803,22,3
20260803,22,8
20260803,4,12
20260803,5,3
20260803,5,7
20260803,6,1
20260803,8,1
20260804,12,7
20260804,1,6
20260804,1,9
20260804,21,4
20260804,21,9
20260804,5,8
20260804,6,11
20260804,6,9
20260804,8,8
20260805,12,10
20260805,12,5
20260805,12,8
20260805,12,9
20260805,1,11
20260805,1,7
20260805,21,2
20260805,21,6
20260805,4,10
20260805,4,12
20260805,4,8
20260805,5,1
20260805,5,3
20260805,5,7
20260805,5,8
20260805,6,7
20260805,6,8
20260806,12,10
20260806,12,4
20260806,2,5
20260806,2,7
20260806,4,10
20260807,24,10
20260807,24,4
20260807,24,7
20260807,24,8
20260807,2,2
20260807,2,5
20260807,2,6
20260807,4,10
20260807,4,12
20260808,12,11
20260808,12,3
20260808,12,7
20260808,16,9
20260808,24,12
20260808,24,5
20260808,24,6
20260808,24,7
20260808,2,10
20260808,2,6
20260808,2,7
20260808,4,10
20260808,4,11
20260808,5,8
20260809,16,10
20260809,2,5
20260809,3,7
20260809,3,8
20260809,3,9
20260809,5,8
20260809,5,9
